proposal_id,cluster,cells,countries,lon_min,lon_max,lat_min,lat_max,mean_temp,sd_temp_anom,conflict_month_share,total_conflicts,elapsed_seconds,interCor_mean,intraCor_mean,diffCor_mean
temp_ward_k04,1,628,"AGO,BWA,COD,LSO,MDG,MOZ,MWI,NAM,SWZ,TZA,ZAF,ZMB,ZWE",11.5,50.5,-34.5,-5.5,21.767530022512585,0.7449898920326528,0.012892952537497442,6575,1.0220000000000002,0.2386182,0.6833756532575365,0.2593918
temp_ward_k04,2,711,"AGO,BDI,BEN,BFA,CAF,CIV,CMR,COD,COG,COM,DJI,ERI,ETH,GAB,GHA,GNQ,KEN,LBR,MOZ,NGA,RWA,SOM,SSD,TCD,TGO,TZA,UGA,ZMB",-9.5,51.5,-11.5,14.5,25.17589771591201,0.5455197627066882,0.05436837409070975,32099,1.0220000000000002,0.2386182,0.6833756532575365,0.2593918
temp_ward_k04,3,738,"BEN,BFA,CAF,CMR,DZA,EGY,ERI,ETH,LBY,MLI,NER,NGA,SDZ,SSD,TCD",-3.5,40.5,4.5,32.5,26.533611467978698,1.0291807673449864,0.025399219045953894,15616,1.0220000000000002,0.2386182,0.6833756532575365,0.2593918
temp_ward_k04,4,618,"B28,BFA,CIV,CPV,DZA,GIN,GNB,LBR,LBY,MAR,MLI,MRT,SEN,SLE,TUN",-25.5,19.5,6.5,37.5,25.110304049463235,1.069355612467108,0.021170442286947144,11695,1.0220000000000002,0.2386182,0.6833756532575365,0.2593918
temp_regional_k08,1,153,"BWA,LSO,NAM,ZAF",13.5,31.5,-34.5,-19.5,18.65569872068838,0.9146761426676971,0.012316396092487171,2918,1.306,0.2131103,0.7628415258312718,0.2810275
temp_regional_k08,2,636,"AGO,BDI,BWA,CMR,COD,COG,GAB,GNQ,KEN,MOZ,MWI,NAM,RWA,SWZ,TZA,UGA,ZAF,ZMB,ZWE",8.5,40.5,-28.5,4.5,23.257482090123926,0.6453875622758944,0.022963582876851255,13740,1.306,0.2131103,0.7628415258312718,0.2810275
temp_regional_k08,3,66,MDG,43.5,50.5,-25.5,-12.5,23.91325794334474,0.46462460403930755,0.0013848159009449334,57,1.306,0.2131103,0.7628415258312718,0.2810275
temp_regional_k08,4,223,"COM,DJI,ERI,ETH,KEN,MOZ,MWI,SOM,TZA,ZMB",32.5,51.5,-11.5,15.5,25.36638820524736,0.5530469752532184,0.06868701480302809,11222,1.306,0.2131103,0.7628415258312718,0.2810275
temp_regional_k08,5,387,"CAF,CMR,COD,COG,ERI,ETH,KEN,SDZ,SSD,TCD,UGA",13.5,39.5,0.5,17.5,26.472431406796144,0.8178611368712078,0.05845905920924677,15228,1.306,0.2131103,0.7628415258312718,0.2810275
temp_regional_k08,6,367,"BEN,BFA,CIV,CMR,DZA,GHA,GIN,GNB,LBR,MLI,MRT,NER,NGA,SEN,SLE,TGO",-16.5,14.5,4.5,22.5,28.30179214536638,0.7335894024284846,0.028727549734845162,9279,1.306,0.2131103,0.7628415258312718,0.2810275
temp_regional_k08,7,492,"CMR,DZA,EGY,ERI,LBY,MLI,NER,NGA,SDZ,TCD",3.5,38.5,9.5,32.5,25.305604726371953,1.114805092490259,0.012353571116356345,7306,1.306,0.2131103,0.7628415258312718,0.2810275
temp_regional_k08,8,371,"B28,CPV,DZA,LBY,MAR,MLI,MRT,SEN,TUN",-25.5,16.5,13.5,37.5,23.469107793310727,1.1792050224715,0.02004898124800745,6235,1.306,0.2131103,0.7628415258312718,0.2810275
temp_ward_contig_k12,1,110,"BWA,LSO,NAM,ZAF",15.5,31.5,-34.5,-24.5,18.18154336864614,0.9148137436448478,0.013098729227761483,2038,1.5360000000000005,0.2102311,0.8158154560758354,0.1035113
temp_ward_contig_k12,2,170,"AGO,BWA,NAM,ZAF",11.5,28.5,-28.5,-7.5,21.727054482922203,0.826375322823999,0.021568627450980416,2435,1.5360000000000005,0.2102311,0.8158154560758354,0.1035113
temp_ward_contig_k12,3,243,"AGO,BWA,COD,MOZ,MWI,SWZ,TZA,ZAF,ZMB,ZWE",21.5,40.5,-28.5,-9.5,22.598425620583875,0.7220935571657987,0.009569007478207011,1822,1.5360000000000005,0.2102311,0.8158154560758354,0.1035113
temp_ward_contig_k12,4,66,MDG,43.5,50.5,-25.5,-12.5,23.91325794334474,0.46462460403930755,0.0013848159009449334,57,1.5360000000000005,0.2102311,0.8158154560758354,0.1035113
temp_ward_contig_k12,5,304,"AGO,BDI,CAF,CMR,COD,COG,GAB,GNQ,KEN,RWA,TZA,UGA,ZMB",8.5,34.5,-12.5,5.5,24.479691913386034,0.51722949664803,0.03344298245614035,11335,1.5360000000000005,0.2102311,0.8158154560758354,0.1035113
temp_ward_contig_k12,6,206,"COM,ETH,KEN,MOZ,SOM,TZA,UGA,ZMB",32.5,51.5,-11.5,11.5,25.44924466672539,0.5492579746053621,0.06685196784633052,10465,1.5360000000000005,0.2102311,0.8158154560758354,0.1035113
temp_ward_contig_k12,7,396,"CAF,CMR,COD,COG,DJI,ERI,ETH,KEN,NGA,SDZ,SOM,SSD,TCD,UGA",10.5,43.5,0.5,20.5,26.496992309872923,0.8270350310591132,0.06009693711306616,16050,1.5360000000000005,0.2102311,0.8158154560758354,0.1035113
temp_ward_contig_k12,8,291,"BEN,BFA,CIV,CMR,DZA,GHA,GIN,GNB,LBR,MLI,MRT,NER,NGA,SEN,SLE,TGO",-14.5,9.5,4.5,23.5,28.27630665989543,0.7402687785898358,0.02743598270701695,7367,1.5360000000000005,0.2102311,0.8158154560758354,0.1035113
temp_ward_contig_k12,9,186,"BEN,DZA,MLI,NER,NGA,TCD",0.5,22.5,7.5,20.5,27.720628936676206,0.9816107441937317,0.024063475546305904,4419,1.5360000000000005,0.2102311,0.8158154560758354,0.1035113
temp_ward_contig_k12,10,178,"B28,CPV,DZA,GNB,MAR,MLI,MRT,SEN",-25.5,-1.5,11.5,35.5,24.637145658778845,1.0167501289667793,0.005693487978736257,586,1.5360000000000005,0.2102311,0.8158154560758354,0.1035113
temp_ward_contig_k12,11,359,"DZA,EGY,LBY,NER,SDZ,TCD",7.5,37.5,17.5,32.5,24.051590613346512,1.1516175281078658,0.008933117680534374,4002,1.5360000000000005,0.2102311,0.8158154560758354,0.1035113
temp_ward_contig_k12,12,186,"DZA,LBY,MAR,MLI,TUN",-5.5,11.5,22.5,37.5,23.253919021223552,1.2826198535577205,0.035697768528153526,5409,1.5360000000000005,0.2102311,0.8158154560758354,0.1035113
temp_ward_pca_k16,1,170,"BWA,LSO,NAM,ZAF",14.5,32.5,-34.5,-20.5,18.760544265311513,0.9298595655514326,0.014437065148640101,3489,2.1189999999999998,0.2288605,0.8490160633797507,0.05420958
temp_ward_pca_k16,2,155,"BWA,COD,MOZ,MWI,SWZ,ZAF,ZMB,ZWE",26.5,39.5,-27.5,-9.5,22.785363517282345,0.7037834714779719,0.010110995490808183,730,2.1189999999999998,0.2288605,0.8490160633797507,0.05420958
temp_ward_pca_k16,3,122,"COM,MDG,MOZ,MWI,TZA,ZMB",30.5,50.5,-25.5,-5.5,23.554117614269348,0.4741934342855937,0.0025780010576414605,259,2.1189999999999998,0.2288605,0.8490160633797507,0.05420958
temp_ward_pca_k16,4,232,"AGO,BWA,COD,NAM,ZAF,ZMB,ZWE",11.5,27.5,-23.5,-6.5,22.697521985684325,0.7243351798812305,0.01926909529106416,2780,2.1189999999999998,0.2288605,0.8490160633797507,0.05420958
temp_ward_pca_k16,5,143,"BDI,COD,COG,RWA,TZA,UGA,ZMB",16.5,34.5,-8.5,3.5,24.168531974095796,0.5348689280194828,0.05329348071283556,9638,2.1189999999999998,0.2288605,0.8490160633797507,0.05420958
temp_ward_pca_k16,6,131,"ETH,KEN,SOM,SSD,TZA,UGA",33.5,43.5,-8.5,8.5,24.228713753765494,0.53912066241998,0.07042600344742675,5547,2.1189999999999998,0.2288605,0.8490160633797507,0.05420958
temp_ward_pca_k16,7,176,"AGO,BEN,CIV,CMR,COD,COG,GAB,GHA,GIN,GNQ,LBR,NGA,TGO",-11.5,19.5,-6.5,9.5,26.100366525262707,0.46788084267247904,0.03190676930596285,4655,2.1189999999999998,0.2288605,0.8490160633797507,0.05420958
temp_ward_pca_k16,8,98,"DJI,ERI,ETH,SOM",38.5,51.5,1.5,14.5,26.589379876577244,0.5932146959222511,0.09279679613780996,7357,2.1189999999999998,0.2288605,0.8490160633797507,0.05420958
temp_ward_pca_k16,9,186,"CAF,CMR,COD,COG,ETH,NGA,SDZ,SSD,TCD,UGA",4.5,37.5,2.5,12.5,26.022701579821366,0.7058358422864979,0.06422707827494509,8394,2.1189999999999998,0.2288605,0.8490160633797507,0.05420958
temp_ward_pca_k16,10,123,"BFA,GIN,GNB,MLI,MRT,SEN,SLE",-14.5,1.5,7.5,20.5,28.979250165748752,0.7703189121470374,0.027712212605997034,3619,2.1189999999999998,0.2288605,0.8490160633797507,0.05420958
temp_ward_pca_k16,11,274,"BEN,BFA,CMR,DZA,GHA,LBY,MLI,NER,NGA,TCD,TGO",-3.5,21.5,7.5,25.5,27.55670430036889,1.0085959796726112,0.016884467467231823,4655,2.1189999999999998,0.2288605,0.8490160633797507,0.05420958
temp_ward_pca_k16,12,170,"CAF,ERI,ETH,SDZ,SSD,TCD",17.5,40.5,8.5,18.5,27.922995236203352,1.0136569259116157,0.042726122707147395,4806,2.1189999999999998,0.2288605,0.8490160633797507,0.05420958
temp_ward_pca_k16,13,180,"B28,CPV,DZA,GNB,MAR,MLI,MRT,SEN",-25.5,-2.5,11.5,35.5,25.938878804940263,1.016467142412777,0.004928315412186388,510,2.1189999999999998,0.2288605,0.8490160633797507,0.05420958
temp_ward_pca_k16,14,279,"EGY,LBY,SDZ,TCD",12.5,37.5,18.5,32.5,24.10104825691313,1.1331778293042503,0.009875900874860257,3352,2.1189999999999998,0.2288605,0.8490160633797507,0.05420958
temp_ward_pca_k16,15,90,"DZA,LBY,MLI,TUN",-1.5,16.5,19.5,32.5,24.881616347959973,1.1985904809696795,0.00600358422939068,701,2.1189999999999998,0.2288605,0.8490160633797507,0.05420958
temp_ward_pca_k16,16,166,"DZA,MAR,TUN",-6.5,11.5,24.5,37.5,21.96057899531837,1.2876916226594897,0.04090555771472988,5493,2.1189999999999998,0.2288605,0.8490160633797507,0.05420958
temp_hybrid_k20,1,27,"NAM,ZAF",16.5,20.5,-34.5,-27.5,17.662600689874548,0.8811009663965701,0.009657506969334925,126,1.439,0.2084737,0.8548068674314033,0.1894085
temp_hybrid_k20,2,120,"BWA,LSO,NAM,ZAF",13.5,31.5,-34.5,-20.5,18.799411177685933,0.9256179783590364,0.012298387096774187,2300,1.439,0.2084737,0.8548068674314033,0.1894085
temp_hybrid_k20,3,251,"AGO,BWA,COD,MOZ,NAM,SWZ,ZAF,ZMB,ZWE",14.5,35.5,-28.5,-9.5,22.247765645298376,0.8278496608974675,0.011427408644989936,2170,1.439,0.2084737,0.8548068674314033,0.1894085
temp_hybrid_k20,4,27,MDG,43.5,47.5,-25.5,-19.5,23.32604825268817,0.5070914599134687,6.969334926324173e-4,9,1.439,0.2084737,0.8548068674314033,0.1894085
temp_hybrid_k20,5,39,MDG,44.5,50.5,-21.5,-12.5,24.3197877291839,0.4352244730495037,0.0018610421836228286,48,1.439,0.2084737,0.8548068674314033,0.1894085
temp_hybrid_k20,6,43,"AGO,NAM",11.5,18.5,-19.5,-9.5,22.07026480023131,0.6340802728475473,0.05063765941485371,1377,1.439,0.2084737,0.8548068674314033,0.1894085
temp_hybrid_k20,7,91,"COD,MOZ,MWI,TZA,ZMB",27.5,40.5,-18.5,-9.5,23.31333000838946,0.5710058685835551,0.006469337114498403,265,1.439,0.2084737,0.8548068674314033,0.1894085
temp_hybrid_k20,8,20,"COM,MOZ,TZA",36.5,43.5,-11.5,-6.5,25.611895892473118,0.46363462257113236,0.007526881720430109,164,1.439,0.2084737,0.8548068674314033,0.1894085
temp_hybrid_k20,9,129,"AGO,CMR,COD,COG,GAB,GNQ",8.5,22.5,-10.5,4.5,25.04234464243144,0.47692985060542803,0.02313078269567392,2245,1.439,0.2084737,0.8548068674314033,0.1894085
temp_hybrid_k20,10,161,"BDI,COD,KEN,RWA,TZA,UGA,ZMB",18.5,36.5,-10.5,1.5,23.521674952280772,0.5244280068015924,0.03581446603886999,7459,1.439,0.2084737,0.8548068674314033,0.1894085
temp_hybrid_k20,11,112,"ETH,KEN,SOM,TZA,UGA",34.5,43.5,-5.5,12.5,23.891940712869623,0.5438547010451144,0.08510944700460828,5467,1.439,0.2084737,0.8548068674314033,0.1894085
temp_hybrid_k20,12,472,"CAF,CMR,COD,COG,ERI,ETH,KEN,NER,NGA,SDZ,SSD,TCD,UGA",5.5,40.5,0.5,20.5,26.92416263312147,0.8576451570878437,0.053387552396573716,19855,1.439,0.2084737,0.8548068674314033,0.1894085
temp_hybrid_k20,13,88,"DJI,ERI,ETH,SOM",39.5,51.5,1.5,14.5,27.285208671432063,0.595216559268041,0.09066471163245357,6779,1.439,0.2084737,0.8548068674314033,0.1894085
temp_hybrid_k20,14,127,"BEN,BFA,CIV,CMR,GHA,GIN,LBR,MLI,NGA,SEN,SLE,TGO",-13.5,9.5,4.5,12.5,27.11438670838625,0.4889368894381045,0.043264753196173046,5852,1.439,0.2084737,0.8548068674314033,0.1894085
temp_hybrid_k20,15,14,"GIN,GNB,SEN",-17.5,-14.5,10.5,15.5,27.816456780529954,0.5651141299042537,0.0412826420890937,383,1.439,0.2084737,0.8548068674314033,0.1894085
temp_hybrid_k20,16,161,"BFA,DZA,GIN,MLI,MRT,SEN",-14.5,3.5,10.5,24.5,29.451199369682094,0.9422281556991092,0.011737794697121488,1020,1.439,0.2084737,0.8548068674314033,0.1894085
temp_hybrid_k20,17,179,"BEN,BFA,DZA,LBY,MLI,NER,NGA,TCD",-3.5,21.5,11.5,24.5,27.471966278608758,1.035111029089072,0.00782423259446147,903,1.439,0.2084737,0.8548068674314033,0.1894085
temp_hybrid_k20,18,273,"B28,CPV,DZA,MAR,MLI,MRT,SEN,TUN",-25.5,10.5,15.5,37.5,23.07184224995766,1.1727958644578103,0.025729646697388642,5590,1.439,0.2084737,0.8548068674314033,0.1894085
temp_hybrid_k20,19,230,"EGY,LBY,NER,SDZ,TCD",14.5,36.5,18.5,32.5,24.121709661629264,1.1315983618227055,0.010402057035998101,3151,1.439,0.2084737,0.8548068674314033,0.1894085
temp_hybrid_k20,20,131,"DZA,LBY,TUN",2.5,19.5,22.5,33.5,23.287388261362143,1.24281744919351,0.005561027661495528,822,1.439,0.2084737,0.8548068674314033,0.1894085
